{
  "NZDUSD|bb_extreme_H1": 1779792920.909312,
  "USDJPY|3day_reverse": 1779792920.909312,
  "AUDJPY|momentum60_T": 1779795265.696165,
  "AUDJPY|momentum60": 1779795265.696165,
  "CADJPY|bb_extreme_H1": 1779795265.696165
}